"'LOWER SECTION","'","'","'","'","'","'62","'",
"'3 of a Kind","'Add total of all dice","'28","'25","'0","'19","'25","'17",
"'4 of a Kind","'Add total of all dice","'0","'","'0","'0","'28","'23",
"'Full House","'SCORE 25","'25","'25","'25","'25","'25","'25",
"'SM Straight Sequence of 4","'SCORE 30","'30","'30","'30","'30","'30","'30",
"'LG Straight Sequence of 5","'SCORE 40","'0","'40","'x","'40","'40","'40",
"'YAHTZEE 5 of a Kind","'SCORE 50","'50","'50","'0","'0","'","'0",
"'Chance","'Score total of all dice","'22","'20","'23","'21","'21","'23",
"'YAHTZEE","'X FOR EACH BONUS","'X","'","'","'","'","'",
"'BONUS","'SCORE 100 PER X","'","'","'","'","'","'",
"'TOTAL Of Lower Section","'","'205","'190","'78","'135","'169","'158",
"'TOTAL Of Upper Section","'","'49","'107","'100","'98","'62 or","'54",
"'GRAND TOTAL","'","'254","'297","'178","'233","'221","'212",
,,,,,,,

'Confidence Scores % (Table Cell)
""'48.70605469","'44.75097656","'44.75097656","'44.75097656","'43.21289063","'43.21289063","'50.87890625","'50.87890625",
"'48.21777344","'88.96484375","'84.27734375","'87.45117188","'87.35351563","'88.52539063","'85.79101563","'87.01171875",
"'48.26660156","'89.01367188","'84.32617188","'87.50000000","'87.40234375","'88.57421875","'85.83984375","'87.06054688",
"'48.09570313","'88.76953125","'84.08203125","'87.20703125","'87.10937500","'88.28125000","'85.54687500","'86.81640625",
"'47.58300781","'87.79296875","'83.15429688","'86.23046875","'86.13281250","'87.30468750","'84.61914063","'85.83984375",
"'47.77832031","'88.13476563","'83.49609375","'86.62109375","'86.52343750","'87.69531250","'84.96093750","'86.18164063",
"'47.41210938","'87.50000000","'82.86132813","'85.98632813","'85.88867188","'87.06054688","'84.37500000","'85.54687500",
"'47.41210938","'87.50000000","'82.86132813","'85.98632813","'85.88867188","'87.06054688","'84.37500000","'85.54687500",
"'69.82421875","'86.76757813","'82.17773438","'85.25390625","'85.15625000","'86.32812500","'83.64257813","'84.81445313",
"'69.82421875","'82.32421875","'77.97851563","'80.90820313","'80.81054688","'81.88476563","'79.39453125","'80.51757813",
"'47.70507813","'87.98828125","'83.34960938","'86.47460938","'86.37695313","'87.54882813","'84.86328125","'86.08398438",
"'47.58300781","'87.79296875","'83.15429688","'86.23046875","'86.13281250","'87.30468750","'84.61914063","'85.83984375",
"'49.82910156","'91.89453125","'87.06054688","'90.33203125","'90.23437500","'91.45507813","'88.62304688","'89.89257813",
