"'LOWER SECTION","'","'","'","'","'","'","'",
"'3 of a Kind","'Add total of all dice","'21","'23","'19","'26","'27","'24",
"'4 of a Kind","'Add total of all dice","'0","'18","'18","'0","'26","'28",
"'Full House","'SCORE 25","'25","'25","'25","'25","'25","'25",
"'SM Straight Sequence of 4","'SCORE 30","'30","'30","'30","'30","'30","'30",
"'LG Straight Sequence of 5","'SCORE 40","'40","'40","'40","'40","'40","'40",
"'YAHTZEE 5 of a Kind","'SCORE 50","'50","'50","'0","'","'0","'0",
"'Chance","'Score total of all dice","'20","'25","'18","'22","'22","'21",
"'YAHTZEE","'X FOR EACH BONUS","'","'","'","'","'","'",
"'BONUS","'SCORE 100 PER X","'","'","'","'","'","'",
"'TOTAL Of Lower Section","'","'186","'211","'150","'143","'170","'168",
"'TOTAL Of Upper Section","'","'99","'101","'58","'58","'100","'101",
"'GRAND TOTAL","'I","'285","'312","'208","'201","'270","'269",
,,,,,,,

'Confidence Scores % (Table Cell)
""'48.97460938","'81.64062500","'81.64062500","'81.64062500","'60.20507813","'60.20507813","'51.26953125","'51.26953125",
"'47.94921875","'92.28515625","'89.84375000","'91.60156250","'91.06445313","'90.52734375","'90.38085938","'90.47851563",
"'48.53515625","'93.40820313","'90.91796875","'92.72460938","'92.18750000","'91.65039063","'91.50390625","'91.60156250",
"'47.72949219","'91.84570313","'89.40429688","'91.16210938","'90.67382813","'90.08789063","'89.94140625","'90.03906250",
"'47.29003906","'91.06445313","'88.62304688","'90.33203125","'89.84375000","'89.30664063","'89.16015625","'89.25781250",
"'46.89941406","'90.28320313","'87.89062500","'89.59960938","'89.11132813","'88.57421875","'88.42773438","'88.52539063",
"'47.38769531","'91.21093750","'88.81835938","'90.52734375","'90.03906250","'89.50195313","'89.35546875","'89.45312500",
"'47.38769531","'91.21093750","'88.81835938","'90.52734375","'90.03906250","'89.50195313","'89.35546875","'89.45312500",
"'89.50195313","'92.13867188","'89.69726563","'91.45507813","'90.91796875","'90.38085938","'90.23437500","'90.33203125",
"'89.50195313","'91.06445313","'88.67187500","'90.38085938","'89.89257813","'89.35546875","'89.20898438","'89.30664063",
"'47.33886719","'91.11328125","'88.72070313","'90.42968750","'89.94140625","'89.40429688","'89.25781250","'89.35546875",
"'46.33789063","'89.20898438","'86.81640625","'88.52539063","'88.03710938","'87.50000000","'87.35351563","'87.45117188",
"'48.53515625","'93.40820313","'90.91796875","'92.72460938","'92.18750000","'91.65039063","'91.50390625","'91.60156250",
