"'Aces = 1","'Count and add only Aces","'I","'4","'0","'1","'I","'2",
"'Twos = 2","'Count and add only Twos","'4","'4","'8","'2","'6","'4",
"'Threes = 3","'Count and add only Threes","'6","'12","'9","'12","'3","'9",
"'Fours :: = 4","'Count and add only Fours","'12","'12","'8","'16","'12","'12",
"'Fives : = 5","'Count and add only Fives","'10","'15","'20","'15","'IS","'IS",
"'Sixes = 6","'Count and add only Sixes","'18","'18","'18","'18","'18","'18",
"'TOTAL","'","'53","'65","'63","'64","'55","'60",
"'If total score BONUS is 63 or over","'SCORE 35","'0","'35","'35","'35","'","'",
"'TOTAL Of Upper Section","'","'53","'100","'98","'99","'55","'60",
,,,,,,,

'Confidence Scores % (Table Cell)
""'91.69921875","'92.91992188","'90.33203125","'91.94335938","'91.06445313","'92.33398438","'92.28515625","'93.06640625",
"'89.35546875","'90.52734375","'88.03710938","'89.59960938","'88.72070313","'89.94140625","'89.89257813","'90.62500000",
"'89.89257813","'91.06445313","'88.57421875","'90.13671875","'89.25781250","'90.52734375","'90.47851563","'91.21093750",
"'89.25781250","'90.42968750","'87.93945313","'89.50195313","'88.62304688","'89.84375000","'89.79492188","'90.57617188",
"'88.81835938","'89.94140625","'87.50000000","'89.01367188","'88.18359375","'89.40429688","'89.35546875","'90.08789063",
"'89.55078125","'90.67382813","'88.23242188","'89.79492188","'88.91601563","'90.13671875","'90.08789063","'90.82031250",
"'87.69531250","'88.81835938","'86.37695313","'87.93945313","'87.06054688","'88.28125000","'88.23242188","'88.96484375",
"'89.25781250","'90.42968750","'87.93945313","'89.50195313","'88.62304688","'89.84375000","'89.79492188","'90.57617188",
"'91.65039063","'92.82226563","'90.28320313","'91.84570313","'90.96679688","'92.23632813","'92.18750000","'92.96875000",
