"'LOWER SECTION","'","'","'","'","'","'","'",
"'3 of a Kind","'Add total of all dice","'28","'0","'20","'26","'28","'&",
"'4 of a Kind","'Add total of all dice","'26","'&","'of","'13","'13","'21",
"'Full House","'SCORE 25","'25","'25","'25","'25","'25","'25",
"'SM Straight Sequence of 4","'SCORE 30","'30","'30","'30","'30","'30","'30",
"'LG Straight Sequence of 5","'SCORE 40","'40","'","'40","'40","'0","'0",
"'YAHTZEE 5 of a Kind","'SCORE 50","'50","'&","'","'B","'50","'&",
"'Chance","'Score total of all dice","'25","'24","'24","'22","'21","'26",
"'YAHTZEE","'X FOR EACH BONUS","'","'","'","'","'","'",
"'BONUS","'SCORE 100 PER X","'","'","'","'","'","'",
"'TOTAL Of Lower Section","'","'214","'79","'139","'156","'167","'102",
"'TOTAL Of Upper Section","'","'102","'59","'100","'109","'99","'62",
"'GRAND TOTAL","'","'2316","'138","'239","'265","'266","'164",
,,,,,,,

'Confidence Scores % (Table Cell)
""'52.34375000","'61.86523438","'61.86523438","'61.86523438","'61.86523438","'61.86523438","'67.48046875","'67.48046875",
"'50.78125000","'91.16210938","'88.33007813","'85.83984375","'87.20703125","'91.11328125","'88.67187500","'90.96679688",
"'51.12304688","'91.79687500","'88.91601563","'86.42578125","'87.79296875","'91.74804688","'89.25781250","'91.60156250",
"'50.83007813","'91.30859375","'88.47656250","'85.98632813","'87.35351563","'91.25976563","'88.81835938","'91.11328125",
"'50.00000000","'89.79492188","'87.01171875","'84.57031250","'85.93750000","'89.74609375","'87.35351563","'89.59960938",
"'49.70703125","'89.25781250","'86.47460938","'84.03320313","'85.40039063","'89.20898438","'86.81640625","'89.06250000",
"'49.80468750","'89.45312500","'86.66992188","'84.22851563","'85.54687500","'89.40429688","'86.96289063","'89.25781250",
"'49.21875000","'88.37890625","'85.64453125","'83.25195313","'84.57031250","'88.33007813","'85.98632813","'88.23242188",
"'89.11132813","'87.25585938","'84.57031250","'82.17773438","'83.49609375","'87.20703125","'84.86328125","'87.10937500",
"'89.11132813","'83.20312500","'80.61523438","'78.32031250","'79.58984375","'83.15429688","'80.90820313","'83.00781250",
"'49.34082031","'88.57421875","'85.83984375","'83.39843750","'84.76562500","'88.52539063","'86.13281250","'88.42773438",
"'48.33984375","'86.81640625","'84.13085938","'81.73828125","'83.05664063","'86.76757813","'84.42382813","'86.62109375",
"'51.22070313","'91.99218750","'89.16015625","'86.62109375","'88.03710938","'91.94335938","'89.50195313","'91.84570313",
