"'LOWER SECTION","'","'","'","'","'","'","'",
"'3 of a Kind","'Add total of all dice","'25","'23","'16","'20","'26","'22",
"'4 of a Kind","'Add total of all dice","'I","'21","'0","'9","'17","'",
"'Full House","'SCORE 25","'25","'25","'25","'25","'25","'25",
"'SM Straight Sequence of 4","'SCORE 30","'30","'30","'30","'30","'30","'30",
"'LG Straight Sequence of 5","'SCORE 40","'40","'40","'40","'40","'40","'",
"'YAHTZEE 5 of a Kind","'SCORE 50","'","'l","'","'","'0","'0",
"'Chance","'Score total of all dice","'20","'22","'21","'18","'22","'22",
"'YAHTZEE","'X FOR EACH BONUS","'","'","'","'","'","'",
"'BONUS","'SCORE 100 PER X","'140","'161","'","'","'","'",
"'TOTAL Of Lower Section","'","'(","'5","'62","'102","'160","'99",
"'TOTAL Of Upper Section","'","'104","'109","'132","'142","'97","'106",
"'GRAND TOTAL","'","'244","'270","'194","'244","'257","'105",
,,,,,,,

'Confidence Scores % (Table Cell)
""'49.82910156","'90.91796875","'86.62109375","'90.03906250","'89.84375000","'89.69726563","'54.00390625","'54.00390625",
"'49.58496094","'90.47851563","'86.13281250","'89.59960938","'89.35546875","'89.20898438","'89.59960938","'87.74414063",
"'50.19531250","'91.55273438","'87.15820313","'90.67382813","'90.42968750","'90.28320313","'90.67382813","'88.81835938",
"'49.75585938","'90.77148438","'86.47460938","'89.89257813","'89.69726563","'89.55078125","'89.89257813","'88.08593750",
"'49.02343750","'89.40429688","'85.15625000","'88.57421875","'88.33007813","'88.18359375","'88.57421875","'86.76757813",
"'47.65625000","'86.91406250","'82.76367188","'86.08398438","'85.88867188","'85.74218750","'86.08398438","'84.32617188",
"'48.16894531","'87.89062500","'83.69140625","'87.01171875","'86.81640625","'86.66992188","'87.01171875","'85.25390625",
"'47.36328125","'86.42578125","'82.27539063","'85.59570313","'85.35156250","'85.20507813","'85.59570313","'83.83789063",
"'95.50781250","'87.40234375","'83.25195313","'86.57226563","'86.32812500","'86.18164063","'86.57226563","'84.76562500",
"'95.50781250","'70.99609375","'67.57812500","'70.31250000","'70.11718750","'70.01953125","'70.31250000","'68.84765625",
"'47.85156250","'87.30468750","'83.15429688","'86.47460938","'86.23046875","'86.13281250","'86.47460938","'84.71679688",
"'47.70507813","'87.01171875","'82.86132813","'86.18164063","'85.98632813","'85.83984375","'86.18164063","'84.42382813",
"'50.83007813","'92.72460938","'88.28125000","'91.84570313","'91.60156250","'91.45507813","'91.84570313","'89.94140625",
